专家ID,昵称,评分,中奖率,中奖率数值,粉丝数,连续中奖,发文量,总收益,注册时间,注册日期,头像链接,是否认证,是否签约,历史命中,平均命中,彩票类型,关注状态,个人简介
1727709,中彩英雄,4.3,20%,0.2,17104,0,48,0,,无时间信息,,0,0,48,0,4,0,从结识彩票到认知彩票，十年时间可谓是不短了，从当初的随机购买到现在的按走势分析选号，也经历了不少的挫...
2222404,秦风,4.8,15%,0.15,56387,0,30,0,,无时间信息,,0,0,30,0,4,0,才开始是与朋友合买彩票，投入的精力就少些，只是在开奖时对一下中没中奖。后来，一位彩友告诉我，看号是一...
2439748,连连好运,4.2,24%,0.24,91653,0,50,0,,无时间信息,,0,0,41,0,4,0,本人购双色球彩票已有11年之久，刚开始都是随机时间长了，喜欢数字的我，慢慢发现还是有一定的规律的，开...
2151595,太乙真人,4.3,26%,0.26,71093,0,79,0,,无时间信息,,0,0,13,0,4,0,本人经营过一段时间的彩票店，感觉彩票貌似无序，实则通过对数据的分布和走势的分析，还是能够从中发现一些...
1859586,精准预测,4.1,23%,0.23,87123,0,48,0,,无时间信息,,0,0,37,0,4,0,喜欢彩票，擅长福彩3D、排列三预测，经常购买彩票，有自己独特的分析方法，​每天有充足的时间研究彩票，...
640988,财神再来,4.7,10%,0.1,65351,0,85,0,,无时间信息,,0,0,11,0,4,0,对购彩有一套独特的思路、因为专业，所以被关注。你关注了吗？...
1945958,蓝紫依,4.8,26%,0.26,92421,0,62,0,,无时间信息,,0,0,48,0,4,0,买彩要把它看成是一种机会，一种让普通人提升的机遇。所以一定要严谨对待每一次的机会，我每次哪怕只是一注...
2960437,诺先生,4.4,27%,0.27,91524,0,22,0,,无时间信息,,0,0,28,0,4,0,热爱生活，更热爱彩票，个人购彩多年，本人性格开朗、诚实正直、做事认真踏实、工作兢兢业业、有较强的组织...
1917906,进宝发财,4.1,24%,0.24,7601,0,43,0,,无时间信息,,0,0,19,0,4,0,本人已从事彩票行业多年并购彩数载，经验丰富。主要是3D、排列三，双色球等彩票，有自己的独有的分析与选...
1945961,光彩照人,4.2,13%,0.13,17017,0,80,0,,无时间信息,,0,0,8,0,4,0,研究、购买彩票已经有11年经验，对双色球、3D、排列三、大乐透等数字彩票均有涉猎，有自己的分析方法，...
2455887,浮生若梦,5.0,23%,0.23,23053,0,42,0,,无时间信息,,0,0,20,0,4,0,专注分析双色球10年，喜好单注倍投。擅长7分区杀区以及定尾号，精通双色球各种选号杀号技巧。曾经8个红...
2332927,玉堂金马,4.6,28%,0.28,41917,0,15,0,,无时间信息,,0,0,40,0,4,0,本人多年购彩，对3d、排列三、双色球进行了多年的数据分析，尤其对3d、排列三独胆进行了多年跟踪，有自...
2433018,雅图,4.5,11%,0.11,58755,0,57,0,,无时间信息,,0,0,23,0,4,0,本人从事计算机行业，自学概率及数据统计等专业知识并加以运用，并且非常热爱彩票行业，具有丰富的彩票研究...
2053926,谷大白话,4.2,23%,0.23,24497,0,56,0,,无时间信息,,0,0,43,0,4,0,谷大白话，凭借着多年的买彩实战经历，有信心带大家共同中奖。让买彩不光是看运气，凭感觉，而是靠实力，靠...
1724506,琴冥,4.4,28%,0.29,14279,0,30,0,,无时间信息,,0,0,20,0,4,0,彩龄：二年；擅长：明头断尾析码相胆，专研双色球、大乐透，独创群码过滤法，以最大程度减少投注、摒弃废票...
1967428,真有神,4.7,16%,0.16,53403,0,81,0,,无时间信息,,0,0,32,0,4,0,买彩要把它看成是一种机会，一种让普通人提升的机遇。所以一定要严谨对待每一次的机会，我每次哪怕只是一注...
2439753,赛事风云,4.9,25%,0.25,19633,0,70,0,,无时间信息,,0,0,41,0,4,0,10年开始玩彩票，经历了快开型彩票的兴起和没落，回归传统彩票，已经养成了玩彩票的习惯，经常专注于对冷...
2082523,玖儿,4.2,22%,0.22,47051,0,84,0,,无时间信息,,0,0,18,0,4,0,本人是数学方面的研究生，研究彩票己有10年以上的时间，其间在多家网站进行分析推荐工作，以3D与大乐透...
1985056,开奖中奖,4.3,12%,0.12,73646,0,79,0,,无时间信息,,0,0,48,0,4,0,经常买彩票，喜欢钻研数字彩的乐趣。身边好几个志同道合的朋友，一起研究号码，一起合买。要想中彩合买是最...
2082079,夜雨微澜,4.6,27%,0.27,20387,0,25,0,,无时间信息,,0,0,34,0,4,0,中彩不是关键，购买过程的快乐、期待才是最有意思的。希望能给广大彩民提供一些有价值的参考信息！帮助彩民...
2382672,属你出彩,4.3,19%,0.19,85047,0,25,0,,无时间信息,,0,0,33,0,4,0,购买彩票已经有很多年了，是近几年才开始几乎每期双色球和七乐彩都买，个人感觉七乐彩比较好买一些，号码少...
1771026,牛转乾坤,4.8,18%,0.18,81069,0,71,0,,无时间信息,,0,0,8,0,4,0,2020实属不易，2021扭转乾坤，精心研究彩票多年，拥有自己的一套分析方法和算法，通过本人的经验，...
1839246,云淡风轻001,4.7,22%,0.22,19281,0,60,0,,无时间信息,,0,0,39,0,4,0,彩票改变人生也从来不是道理，而是习惯。对于彩民来说，购买彩票是生活中不可或缺的习惯，购买彩票是在做公...
1857705,彩民财神,4.3,27%,0.27,57886,0,26,0,,无时间信息,,0,0,36,0,4,0,彩民之家，中奖全靠它，本人有购彩6年的经验，在这些年里小奖中过N多次，彩票改变了我的生活，生活充满希...
1977991,暴富长红,4.7,27%,0.27,89336,0,95,0,,无时间信息,,0,0,5,0,4,0,一三六，大乐透；二四日，双色球；天天开，3D排三。看走势，靠运气；看灵感，靠天机；天时地利人又和，保...
2088314,甄大胆子预测,4.9,15%,0.15,63099,0,34,0,,无时间信息,,0,0,11,0,4,0,爱好研究彩票，本人玩彩已经12年，中过小奖无数，几次与大奖擦肩而过，希望跟喜欢玩彩的彩民一起探讨，加...
2326458,心想事橙,4.2,22%,0.22,80971,0,59,0,,无时间信息,,0,0,11,0,4,0,通过各种软件，精准杀号，经常命中大奖，有自己的选号规律和特点，希望给更多的彩民朋友带来收获，分享我的...
2488965,龙兴万里,4.1,13%,0.13,54398,0,9,0,,无时间信息,,0,0,20,0,4,0,本人经营彩票店多年，由于爱彩票才进入了彩票行业，和这种类型的彩民打过交道，有喜欢走势图，有喜欢图谜字...
2900359,天行者,4.7,24%,0.24,76033,0,42,0,,无时间信息,,0,0,8,0,4,0,本人购置彩票已有4年之久，根据历史的出球规律以及最近10到15期的出现热球分析，以及冷球的出现规律，...
1924331,研彩课堂,4.1,24%,0.24,66838,0,93,0,,无时间信息,,0,0,39,0,4,0,本人经营一家彩票站十二年，对大乐透、排列三、双色球3D有着丰富的投注经验，特别在双色球投注方面，能够...
